{
    "pools": [
      {
        "rolls": 1,
        "entries": [
          {
            "type": "minecraft:item",
            "name": "minecraft:flow_banner_pattern",
            "functions": [
              {
                "function": "minecraft:set_components",
                "components": {
                    "!banner_patterns":{},
                    "!provides_banner_patterns":{},
                    "minecraft:item_model": "ender_eye",
                    "enchantment_glint_override":false,

                    "minecraft:item_name": [{"text": "Dev Tool ","color": "#d1c9d7"},
                    {
                      "text": "[ Invsee ]",
                      "color": "#00fff2"
                    }],
                    
                    "custom_data":{"DevTool":true,"Invsee":true},
                    "use_cooldown": {"seconds": 0.2},
                    "consumable": {"animation": "bow","consume_seconds": 0,"sound": "entity.evoker.cast_spell","has_consume_particles": false}

                }
              }
            ]
          }
        ]
      }
    ]
  }