{
  "parent": "advancements:root",
  "criteria": {
    "use": {
      "trigger": "inventory_changed",
      "conditions": {
        "items": [
          {
            "components": {
              "custom_data": {
                "Data": {
                  "Custom_Item": "Life Token"
                }
              }
            }
          }
        ]
      }
    }
  },
  "display": {
    "announce_to_chat": false,
    "show_toast": true,
    "frame": "task",

    "icon": {
      "id": "beetroot",
      "components": {
        "custom_data": {
          "Data": {
            "Custom_Item": "Life Token"
          }
        }
      }
    },

    "description": [{"text": ""},
      {
        "text": "Gain a Life Token"
      }
    ],
    "title": [{"text": ""},
      {
        "text": "The Power of Life!"
      }
    ]
  }
}