{
  "parent": "advancements:get_item/life_token/classic",
  "criteria": {
    "use": {
      "trigger": "inventory_changed",
      "conditions": {
        "items": [
          {
            "components": {
              "custom_data": {
                "Data": {
                  "Custom_Item": "Golden Life Token"
                }
              }
            }
          }
        ]
      }
    }
  },
  "display": {
    "announce_to_chat": false,
    "show_toast": true,
    "frame": "challenge",
    "hidden": true,

    "icon": {
      "id": "beetroot",
      "components": {
        "custom_data": {
          "Data": {
            "Custom_Item": "Golden Life Token"
          }
        },
        "enchantment_glint_override": true
      }
    },

    "description": [{"text": ""},
      {
        "text": "Obtain a Golden Life Token"
      }
    ],
    "title": [{"text": ""},
      {
        "text": "There can only be One..."
      }
    ]
  }
}