{
  "parent": "advancements:get_item/life_token/golden",
  "criteria": {
    "use": {
      "trigger": "impossible"
    }
  },
  "display": {
    "announce_to_chat": true,
    "frame": "goal",

    "icon": {
      "id": "beetroot",
      "components": {
        "custom_data": {
          "Data": {
            "Custom_Item": "Glowing Golden Life Token"
          }
        },
        "enchantment_glint_override": true
      }
    },

    "description": [{"text": ""},
      {
        "text": "Have More Than 10 Lives"
      }
    ],
    "title": [{"text": ""},
      {
        "text": "ULTIMATE POWER!"
      }
    ]
  }
}