{
    "pools": [
      {
        "rolls": 1,
        "entries": [
          {
            "type": "minecraft:item",
            "name": "minecraft:flow_banner_pattern",
            "functions": [
              {
                "function": "minecraft:set_components",
                "components": {
                    "!banner_patterns":{},
                    "!provides_banner_patterns":{},
                    "damage":0,
                    "minecraft:item_model": "nether_star",
                    "enchantment_glint_override":false,
                    "custom_model_data":{"strings": ["Rune","Square","Circle"],"colors":[3740562]},

                    "minecraft:item_name": [{"text": "Rune of ","color": "#d1c9d7"},
                    {
                      "text": "Frightening",
                      "color": "#3c1d97"
                    }],
                    
                    "custom_data":{"MagicRune":true,"MagicRuneOfFrightening":true},
                    "max_damage": 1,
                    "use_cooldown":{"seconds": 1.5},
                    "consumable": {"animation": "bow","consume_seconds": 3,"sound": "entity.evoker.cast_spell","has_consume_particles": false}

                }
              }
            ]
          }
        ]
      }
    ]
  }