{
    "pools": [
      {
        "rolls": 1,
        "entries": [
          {
            "type": "minecraft:item",
            "name": "minecraft:flow_banner_pattern",
            "functions": [
              {
                "function": "minecraft:set_components",
                "components": {
                    "!banner_patterns":{},
                    "!provides_banner_patterns":{},
                    "damage":0,
                    "minecraft:item_model": "nether_star",
                    "enchantment_glint_override":false,
                    "custom_model_data":{"strings": ["Rune","Dot"],"colors": [5111605]},

                    "minecraft:item_name": [{"text": "Rune of ","color": "#d1c9d7"},
                    {
                      "text": "Life",
                      "color": "#31fc3b"
                    }],
                    
                    "custom_data":{"MagicRune":true,"MagicRuneOfLife":true},
                    "max_damage": 1,
                    "use_cooldown":{"seconds": 2},
                    "consumable": {"animation": "bow","consume_seconds": 4,"sound": "entity.evoker.cast_spell","has_consume_particles": false}

                }
              }
            ]
          }
        ]
      }
    ]
  }