{
    "pools": [
      {
        "rolls": 1,
        "entries": [
          {
            "type": "minecraft:item",
            "name": "minecraft:flow_banner_pattern",
            "functions": [
              {
                "function": "minecraft:set_components",
                "components": {
                    "!banner_patterns":{},
                    "!provides_banner_patterns":{},
                    "damage":0,
                    "minecraft:item_model": "nether_star",
                    "enchantment_glint_override":false,
                    "custom_model_data":{"strings": ["Rune","Cross","Dot"],"colors":[13652524]},

                    "minecraft:item_name": [{"text": "Spell Rune [","color": "#d1c9d7"},
                    {
                      "text": "Inferno",
                      "color": "#cf4c25"
                    },{"text": "]","color": "#d1c9d7"}],
                    
                    "custom_data":{"MagicRune":true,"MagicRuneSpellInferno":true},
                    "max_damage": 3,
                    "use_cooldown":{"seconds":0.5},
                    "consumable": {"animation": "bow","consume_seconds": 1,"sound": "entity.evoker.cast_spell","has_consume_particles": false}

                }
              }
            ]
          }
        ]
      }
    ]
  }