{
  "parent": "advancements:death_path/aquaphobic",
  "criteria": {
    "use": {
      "trigger": "impossible"
    }
  },
  "display": {
    "announce_to_chat": true,
    "frame": "challenge",

    "icon": {
      "id": "player_head",
      "components": {
        "profile": {
          "properties":[
            {
            "name":"textures","value":"eyJ0ZXh0dXJlcyI6eyJTS0lOIjp7InVybCI6Imh0dHA6Ly90ZXh0dXJlcy5taW5lY3JhZnQubmV0L3RleHR1cmUvN2QzYjNlYzU5ZDEwYWQ5MjliYTYxYWMwYTAxNmYzMzZjMTQ2ODA3N2JlN2RiYThjNGI5YWI5N2QwMDcwYjMyNyJ9fX0="
            }
          ]
        }
      }
    },

    "description": [{"text": ""},
      {
        "text": "Gain ALL Debuffs"
      }
    ],
    "title": [{"text": ""},
      {
        "text": "I'll Walk It Off"
      }
    ]
  }
}