{
  "parent": "advancements:death_path/death_3",
  "criteria": {
    "use": {
      "trigger": "impossible"
    }
  },
  "display": {
    "announce_to_chat": true,
    "frame": "goal",

    "icon": {
      "id": "player_head",
      "components": {
        "profile": {
          "properties":[
            {
            "name": "textures",
            "value": "eyJ0ZXh0dXJlcyI6eyJTS0lOIjp7InVybCI6Imh0dHA6Ly90ZXh0dXJlcy5taW5lY3JhZnQubmV0L3RleHR1cmUvOTYyZTFmYTM5MDQyMTRlZjQ2YjlkYTI5MDQ4YzBiNTNjZjI0MmExNDYwNmE4Y2QyZDI4NzZiYmYyOGZlY2QzNSJ9fX0="
            }
          ]
        }
      }
    },

    "description": [{"text": ""},
      {
        "text": "Lose 20 Lives!"
      }
    ],
    "title": [{"text": ""},
      {
        "text": "At Death's Door!"
      }
    ]
  }
}