{
  "parent": "advancements:death_path/death_2",
  "criteria": {
    "use": {
      "trigger": "impossible"
    }
  },
  "display": {
    "announce_to_chat": true,
    "frame": "goal",

    "icon": {
      "id": "player_head",
      "components": {
        "profile": {
          "properties":[
            {
            "name": "textures",
            "value": "eyJ0ZXh0dXJlcyI6eyJTS0lOIjp7InVybCI6Imh0dHA6Ly90ZXh0dXJlcy5taW5lY3JhZnQubmV0L3RleHR1cmUvYWU4ZjZiZjVkN2YwZTY4YzIxODhiNTFkMDM4N2Y3MjYzYzVkYmQ1NjNlZmFjM2JjYmU0MmUzZTQ4YWVjMGM3ZCJ9fX0="
            }
          ]
        }
      }
    },

    "description": [{"text": ""},
      {
        "text": "Lose 10 Lives"
      }
    ],
    "title": [{"text": ""},
      {
        "text": "It Wasn't Close"
      }
    ]
  }
}