{
  "parent": "advancements:death_path/ghost",
  "criteria": {
    "use": {
      "trigger": "impossible"
    }
  },
  "display": {
    "announce_to_chat": true,
    "frame": "goal",

    "icon": {
      "id": "player_head",
      "components": {
        "profile": {
          "properties":[
            {
            "name":"textures","value":"eyJ0ZXh0dXJlcyI6eyJTS0lOIjp7InVybCI6Imh0dHA6Ly90ZXh0dXJlcy5taW5lY3JhZnQubmV0L3RleHR1cmUvNWFhMjllYTk2MTc1N2RjM2M5MGJmYWJmMzAyYzVhYmU5ZDMwOGZiNGE3ZDM4NjRlNTc4OGFkMmNjOTE2MGFhMiJ9fX0="
            }
          ]
        }
      }
    },

    "description": [{"text": ""},
      {
        "text": "Become a Vampire Through Debuffs"
      }
    ],
    "title": [{"text": ""},
      {
        "text": "The Sun it BURNS!"
      }
    ]
  }
}