{
    "pools": [
      {
        "rolls": 1,
        "entries": [
          {
            "type": "minecraft:item",
            "name": "minecraft:item_frame",
            "functions": [
              {
                "function": "minecraft:set_components",
                "components": {
                  "minecraft:item_name": {
                    "text": "Simple Pedestal",
                    "color": "#7e39af"
                  },
                  "minecraft:item_model": "nether_star",
                  "custom_model_data":{"strings": ["1 Pedistal"]},
                  "minecraft:entity_data": {
                    "Silent": true, 
                    "id": "item_frame",
                    "Tags": [
                      "Magic.Pedestal",
                      "Magic.Simple"
                    ],
                    "Invisible": true,
                    "Invulnerable": true
                  }
                }
              }
            ]
          }
        ]
      }
    ]
  }